{
    "UserId": "AIDA5QYNDRK3J4R56TJY4",
    "Account": "929351043766",
    "Arn": "arn:aws:iam::929351043766:user/S5_UserA",
    "AccessKey": "AKIA5QYNDRK3AH4ERFWU",
    "UserName": "S5_UserA",
    "GroupList": [
        {
            "GroupName": "S5_GroupA",
            "GroupId": "AGPA5QYNDRK3EFW4GNB6Y",
            "Arn": "arn:aws:iam::929351043766:group/S5_GroupA",
            "InlinePolicies": [
                {
                    "PolicyName": "S5_IP_GroupA",
                    "Statement": [
                        {
                            "Action": [
                                "iam:ListRolePolicies",
                                "iam:ListPolicyVersions",
                                "iam:GetPolicyVersions",
                                "iam:ListRoles"
                            ],
                            "Effect": "Allow",
                            "Resource": "*"
                        }
                    ]
                }
            ]
        }
    ],
    "RoleList": [
        {
            "RoleName": "S5_RoleA",
            "RoleId": "AROA5QYNDRK3P5AA7VID7",
            "Arn": "arn:aws:iam::929351043766:role/S5_RoleA",
            "AssumeRolePolicyStatement": [
                {
                    "Effect": "Allow",
                    "Principal": {
                        "AWS": "arn:aws:iam::929351043766:user/S5_UserA"
                    },
                    "Action": "sts:AssumeRole"
                }
            ],
            "InlinePolicies": [
                {
                    "PolicyName": "S5_IP_RoleA",
                    "Statement": [
                        {
                            "Action": [
                                "s3:CreateBucket",
                                "lambda:CreateFunction",
                                "ec2:RunInstances",
                                "s3:ListBucket",
                                "ec2:DescribeInstances"
                            ],
                            "Effect": "Allow",
                            "Resource": "*"
                        }
                    ]
                }
            ]
        }
    ],
    "InlinePolicies": [
        {
            "PolicyName": "S5_IP_UserA",
            "Statement": [
                {
                    "Action": [
                        "iam:ListGroupsForUser",
                        "iam:ListAttachedUserPolicies",
                        "iam:GetUserPolicy",
                        "iam:ListUserPolicies",
                        "iam:GetRolePolicy",
                        "iam:GetGroupPolicy",
                        "iam:ListGroupPolicies"
                    ],
                    "Effect": "Allow",
                    "Resource": "*"
                }
            ]
        }
    ],
    "AttachedManagedPolicies": [
        {
            "PolicyName": "S5_AMP_PolicyA",
            "PolicyArn": "arn:aws:iam::929351043766:policy/S5_AMP_PolicyA",
            "DefaultVersionId": "v1"
        },
        {
            "PolicyName": "S5_AMP_PolicyB",
            "PolicyArn": "arn:aws:iam::929351043766:policy/S5_AMP_PolicyB",
            "DefaultVersionId": "v1"
        }
    ]
}