{
    "UserId": "AIDA5QYNDRK3D6FYVEJRH",
    "Account": "929351043766",
    "Arn": "arn:aws:iam::929351043766:user/S2_UserA",
    "AccessKey": "AKIA5QYNDRK3MWNBN6HF",
    "UserName": "S2_UserA",
    "GroupList": [
        {
            "GroupName": "S2_GroupA",
            "GroupId": "AGPA5QYNDRK3DFGHAHNB3",
            "Arn": "arn:aws:iam::929351043766:group/S2_GroupA",
            "InlinePolicies": [
                {
                    "PolicyName": "S2_IP_GroupA",
                    "Statement": [
                        {
                            "Action": [
                                "iam:ListPolicyVersions",
                                "iam:ListRolePolicies"
                            ],
                            "Effect": "Allow",
                            "Resource": "*"
                        }
                    ]
                }
            ],
            "AttachedManagedPolicies": [
                {
                    "PolicyName": "S2_AMP_PolicyD",
                    "PolicyArn": "arn:aws:iam::929351043766:policy/S2_AMP_PolicyD",
                    "DefaultVersionId": "v1"
                }
            ]
        }
    ],
    "RoleList": [
        {
            "RoleName": "S2_RoleA",
            "RoleId": "AROA5QYNDRK3GYZSO3QAS",
            "Arn": "arn:aws:iam::929351043766:role/S2_RoleA",
            "AssumeRolePolicyStatement": [
                {
                    "Effect": "Allow",
                    "Principal": {
                        "AWS": "arn:aws:iam::929351043766:user/S2_UserA"
                    },
                    "Action": "sts:AssumeRole"
                }
            ],
            "InlinePolicies": [
                {
                    "PolicyName": "S2_IP_RoleA",
                    "Statement": [
                        {
                            "Action": [
                                "s3:CreateBucket",
                                "lambda:CreateFunction",
                                "ec2:RunInstances",
                                "s3:ListBucket",
                                "ec2:DescribeInstances"
                            ],
                            "Effect": "Allow",
                            "Resource": "*"
                        }
                    ]
                }
            ],
            "AttachedManagedPolicies": [
                {
                    "PolicyName": "AmazonS3TablesFullAccess",
                    "PolicyArn": "arn:aws:iam::aws:policy/AmazonS3TablesFullAccess",
                    "DefaultVersionId": "v1",
                    "Statement": [
                        {
                            "Effect": "Allow",
                            "Action": [
                                "s3tables:CreateNamespace",
                                "s3tables:CreateTable",
                                "s3tables:CreateTableBucket",
                                "s3tables:DeleteNamespace",
                                "s3tables:DeleteTable",
                                "s3tables:DeleteTableBucket",
                                "s3tables:DeleteTableBucketEncryption",
                                "s3tables:DeleteTableBucketPolicy",
                                "s3tables:DeleteTablePolicy",
                                "s3tables:GetNamespace",
                                "s3tables:GetTable",
                                "s3tables:GetTableBucket",
                                "s3tables:GetTableBucketEncryption",
                                "s3tables:GetTableBucketMaintenanceConfiguration",
                                "s3tables:GetTableBucketPolicy",
                                "s3tables:GetTableData",
                                "s3tables:GetTableEncryption",
                                "s3tables:GetTableMaintenanceConfiguration",
                                "s3tables:GetTableMaintenanceJobStatus",
                                "s3tables:GetTableMetadataLocation",
                                "s3tables:GetTablePolicy",
                                "s3tables:ListNamespaces",
                                "s3tables:ListTableBuckets",
                                "s3tables:ListTables",
                                "s3tables:PutTableBucketEncryption",
                                "s3tables:PutTableBucketMaintenanceConfiguration",
                                "s3tables:PutTableBucketPolicy",
                                "s3tables:PutTableData",
                                "s3tables:PutTableEncryption",
                                "s3tables:PutTableMaintenanceConfiguration",
                                "s3tables:PutTablePolicy",
                                "s3tables:RenameTable",
                                "s3tables:UpdateTableMetadataLocation"
                            ],
                            "Resource": "*"
                        }
                    ]
                }
            ]
        }
    ],
    "InlinePolicies": [
        {
            "PolicyName": "S2_IP_UserA",
            "Statement": [
                {
                    "Action": [
                        "iam:ListGroups",
                        "iam:ListAttachedUserPolicies",
                        "iam:GetUserPolicy"
                    ],
                    "Effect": "Allow",
                    "Resource": "*"
                }
            ]
        }
    ],
    "AttachedManagedPolicies": [
        {
            "PolicyName": "S2_AMP_PolicyA",
            "PolicyArn": "arn:aws:iam::929351043766:policy/S2_AMP_PolicyA",
            "DefaultVersionId": "v1"
        },
        {
            "PolicyName": "S2_AMP_PolicyC",
            "PolicyArn": "arn:aws:iam::929351043766:policy/S2_AMP_PolicyC",
            "DefaultVersionId": "v1"
        },
        {
            "PolicyName": "S2_AMP_PolicyB",
            "PolicyArn": "arn:aws:iam::929351043766:policy/S2_AMP_PolicyB",
            "DefaultVersionId": "v1"
        }
    ]
}