{"S20_UserA":{"access_key_id":"AKIA5QYNDRK3NI6XH6O5","secret_access_key":"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","user_name":"S20_UserA"},"S20_UserB":{"access_key_id":"AKIA5QYNDRK3ETOXGLZH","secret_access_key":"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","user_name":"S20_UserB"},"S20_UserC":{"access_key_id":"AKIA5QYNDRK3O5WIOXUA","secret_access_key":"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","user_name":"S20_UserC"},"S20_UserD":{"access_key_id":"AKIA5QYNDRK3FWW5OCPN","secret_access_key":"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","user_name":"S20_UserD"}}
