{"S16_UserA":{"access_key_id":"AKIA5QYNDRK3JKPYJG52","secret_access_key":"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","user_name":"S16_UserA"},"S16_UserB":{"access_key_id":"AKIA5QYNDRK3IROO4TUC","secret_access_key":"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","user_name":"S16_UserB"},"S16_UserC":{"access_key_id":"AKIA5QYNDRK3EUX7WI4W","secret_access_key":"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","user_name":"S16_UserC"},"S16_UserD":{"access_key_id":"AKIA5QYNDRK3I6RBHWG7","secret_access_key":"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","user_name":"S16_UserD"}}
