{
    "UserId": "AIDA5QYNDRK3BEC3NZFPX",
    "Account": "929351043766",
    "Arn": "arn:aws:iam::929351043766:user/S1_UserA",
    "AccessKey": "AKIA5QYNDRK3JHTS6HDM",
    "UserName": "S1_UserA",
    "GroupList": [
        {
            "GroupName": "S1_GroupA",
            "GroupId": "AGPA5QYNDRK3I2NINC5KZ",
            "Arn": "arn:aws:iam::929351043766:group/S1_GroupA",
            "InlinePolicies": [
                {
                    "PolicyName": "S1_IP_GroupA",
                    "Statement": [
                        {
                            "Action": [
                                "iam:ListPolicyVersions",
                                "iam:ListRolePolicies"
                            ],
                            "Effect": "Allow",
                            "Resource": "*"
                        }
                    ]
                }
            ],
            "AttachedManagedPolicies": [
                {
                    "PolicyName": "S1_AMP_PolicyC",
                    "PolicyArn": "arn:aws:iam::929351043766:policy/S1_AMP_PolicyC",
                    "DefaultVersionId": "v1"
                }
            ]
        }
    ],
    "RoleList": [
        {
            "RoleName": "S1_RoleA",
            "RoleId": "AROA5QYNDRK3ETOQVLO7S",
            "Arn": "arn:aws:iam::929351043766:role/S1_RoleA",
            "AssumeRolePolicyStatement": [
                {
                    "Effect": "Allow",
                    "Principal": {
                        "AWS": "arn:aws:iam::929351043766:user/S1_UserA"
                    },
                    "Action": "sts:AssumeRole"
                }
            ],
            "InlinePolicies": [
                {
                    "PolicyName": "S1_IP_RoleA",
                    "Statement": [
                        {
                            "Action": [
                                "s3:CreateBucket",
                                "lambda:CreateFunction",
                                "ec2:RunInstances"
                            ],
                            "Effect": "Allow",
                            "Resource": "*"
                        }
                    ]
                }
            ],
            "AttachedManagedPolicies": [
                {
                    "PolicyName": "AmazonEKSServicePolicy",
                    "PolicyArn": "arn:aws:iam::aws:policy/AmazonEKSServicePolicy",
                    "DefaultVersionId": "v7",
                    "Statement": [
                        {
                            "Effect": "Allow",
                            "Action": [
                                "ec2:CreateNetworkInterface",
                                "ec2:CreateNetworkInterfacePermission",
                                "ec2:DeleteNetworkInterface",
                                "ec2:DescribeInstances",
                                "ec2:DescribeNetworkInterfaces",
                                "ec2:DetachNetworkInterface",
                                "ec2:DescribeSecurityGroups",
                                "ec2:DescribeSubnets",
                                "ec2:DescribeVpcs",
                                "ec2:ModifyNetworkInterfaceAttribute",
                                "iam:ListAttachedRolePolicies",
                                "eks:UpdateClusterVersion",
                                "ec2:GetSecurityGroupsForVpc"
                            ],
                            "Resource": "*"
                        },
                        {
                            "Effect": "Allow",
                            "Action": [
                                "ec2:CreateTags",
                                "ec2:DeleteTags"
                            ],
                            "Resource": [
                                "arn:aws:ec2:*:*:vpc/*",
                                "arn:aws:ec2:*:*:subnet/*"
                            ]
                        },
                        {
                            "Effect": "Allow",
                            "Action": [
                                "ec2:CreateTags"
                            ],
                            "Resource": [
                                "arn:aws:ec2:*:*:network-interface/*"
                            ],
                            "Condition": {
                                "StringLike": {
                                    "aws:RequestTag/Name": "eks-cluster-*"
                                }
                            }
                        },
                        {
                            "Effect": "Allow",
                            "Action": [
                                "route53:AssociateVPCWithHostedZone"
                            ],
                            "Resource": "*"
                        },
                        {
                            "Effect": "Allow",
                            "Action": [
                                "logs:CreateLogGroup"
                            ],
                            "Resource": "*"
                        },
                        {
                            "Effect": "Allow",
                            "Action": [
                                "logs:CreateLogStream",
                                "logs:DescribeLogStreams"
                            ],
                            "Resource": "arn:aws:logs:*:*:log-group:/aws/eks/*:*"
                        },
                        {
                            "Effect": "Allow",
                            "Action": [
                                "logs:PutLogEvents"
                            ],
                            "Resource": "arn:aws:logs:*:*:log-group:/aws/eks/*:*:*"
                        },
                        {
                            "Effect": "Allow",
                            "Action": [
                                "iam:CreateServiceLinkedRole"
                            ],
                            "Resource": "arn:aws:iam::*:role/aws-service-role/eks.amazonaws.com/AWSServiceRoleForAmazonEKS",
                            "Condition": {
                                "StringLike": {
                                    "iam:AWSServiceName": "eks.amazonaws.com"
                                }
                            }
                        }
                    ]
                }
            ]
        }
    ],
    "InlinePolicies": [
        {
            "PolicyName": "S1_IP_UserA",
            "Statement": [
                {
                    "Action": [
                        "iam:ListGroupsForUser",
                        "iam:ListAttachedUserPolicies",
                        "iam:GetUserPolicy"
                    ],
                    "Effect": "Allow",
                    "Resource": "*"
                }
            ]
        }
    ],
    "AttachedManagedPolicies": [
        {
            "PolicyName": "S1_AMP_PolicyB",
            "PolicyArn": "arn:aws:iam::929351043766:policy/S1_AMP_PolicyB",
            "DefaultVersionId": "v1"
        },
        {
            "PolicyName": "S1_AMP_PolicyA",
            "PolicyArn": "arn:aws:iam::929351043766:policy/S1_AMP_PolicyA",
            "DefaultVersionId": "v1"
        }
    ]
}