{
    "UserId": "AIDA5QYNDRK3MIR3RXD6S",
    "Account": "929351043766",
    "Arn": "arn:aws:iam::929351043766:user/S6_UserA",
    "AccessKey": "AKIA5QYNDRK3I5GBLP3E",
    "UserName": "S6_UserA",
    "GroupList": [
        {
            "GroupName": "S6_GroupA",
            "GroupId": "AGPA5QYNDRK3MSY6O4BUU",
            "Arn": "arn:aws:iam::929351043766:group/S6_GroupA",
            "InlinePolicies": [
                {
                    "PolicyName": "S6_IP_GroupA",
                    "Statement": [
                        {
                            "Action": [
                                "iam:ListRolePolicies",
                                "iam:ListPolicyVersions",
                                "iam:GetPolicyVersions",
                                "iam:ListRoles"
                            ],
                            "Effect": "Allow",
                            "Resource": "*"
                        }
                    ]
                }
            ]
        }
    ],
    "RoleList": [
        {
            "RoleName": "S6_RoleA",
            "RoleId": "AROA5QYNDRK3M3WAHNB76",
            "Arn": "arn:aws:iam::929351043766:role/S6_RoleA",
            "AssumeRolePolicyStatement": [
                {
                    "Effect": "Allow",
                    "Principal": {
                        "AWS": "arn:aws:iam::929351043766:user/S6_UserA"
                    },
                    "Action": "sts:AssumeRole"
                }
            ],
            "InlinePolicies": [
                {
                    "PolicyName": "S6_IP_RoleA",
                    "Statement": [
                        {
                            "Action": [
                                "s3:CreateBucket",
                                "lambda:CreateFunction",
                                "ec2:RunInstances",
                                "s3:ListBucket",
                                "ec2:DescribeInstances"
                            ],
                            "Effect": "Allow",
                            "Resource": "*"
                        }
                    ]
                }
            ]
        }
    ],
    "InlinePolicies": [
        {
            "PolicyName": "S6_IP_UserA",
            "Statement": [
                {
                    "Action": [
                        "iam:ListGroupsForUser",
                        "iam:GetUserPolicy",
                        "iam:ListUserPolicies",
                        "iam:GetRolePolicy",
                        "iam:GetGroupPolicy",
                        "iam:ListGroupPolicies",
                        "iam:ListPolicies"
                    ],
                    "Effect": "Allow",
                    "Resource": "*"
                }
            ]
        }
    ]
}