{
    "UserId": "AIDA5QYNDRK3HB5X35YSW",
    "Account": "929351043766",
    "Arn": "arn:aws:iam::929351043766:user/S4_UserA",
    "AccessKey": "AKIA5QYNDRK3K42HCOXO",
    "UserName": "S4_UserA",
    "GroupList": [
        {
            "GroupName": "S4_GroupA",
            "GroupId": "AGPA5QYNDRK3A7IHWV333",
            "Arn": "arn:aws:iam::929351043766:group/S4_GroupA",
            "InlinePolicies": [
                {
                    "PolicyName": "S4_IP_GroupA",
                    "Statement": [
                        {
                            "Action": [
                                "iam:ListRolePolicies"
                            ],
                            "Effect": "Allow",
                            "Resource": "*"
                        }
                    ]
                }
            ],
            "AttachedManagedPolicies": [
                {
                    "PolicyName": "S4_AMP_PolicyD",
                    "PolicyArn": "arn:aws:iam::929351043766:policy/S4_AMP_PolicyD"
                }
            ]
        }
    ],
    "RoleList": [
        {
            "RoleName": "S4_RoleA",
            "RoleId": "AROA5QYNDRK3LFWGD6A5O",
            "Arn": "arn:aws:iam::929351043766:role/S4_RoleA",
            "AssumeRolePolicyStatement": [
                {
                    "Effect": "Allow",
                    "Principal": {
                        "AWS": "arn:aws:iam::929351043766:user/S4_UserA"
                    },
                    "Action": "sts:AssumeRole"
                }
            ],
            "InlinePolicies": [
                {
                    "PolicyName": "S4_IP_RoleA",
                    "Statement": [
                        {
                            "Action": [
                                "s3:CreateBucket",
                                "lambda:CreateFunction",
                                "ec2:RunInstances",
                                "s3:ListBucket",
                                "ec2:DescribeInstances"
                            ],
                            "Effect": "Allow",
                            "Resource": "*"
                        }
                    ]
                }
            ],
            "AttachedManagedPolicies": [
                {
                    "PolicyName": "AmazonRoute53ReadOnlyAccess",
                    "PolicyArn": "arn:aws:iam::aws:policy/AmazonRoute53ReadOnlyAccess",
                    "DefaultVersionId": "v2",
                    "Statement": [
                        {
                            "Effect": "Allow",
                            "Action": [
                                "route53:TestDNSAnswer",
                                "route53:GetAccountLimit",
                                "route53:GetChange",
                                "route53:GetCheckerIpRanges",
                                "route53:GetDNSSEC",
                                "route53:GetGeoLocation",
                                "route53:GetHealthCheck",
                                "route53:GetHealthCheckCount",
                                "route53:GetHealthCheckLastFailureReason",
                                "route53:GetHealthCheckStatus",
                                "route53:GetHostedZone",
                                "route53:GetHostedZoneCount",
                                "route53:GetHostedZoneLimit",
                                "route53:GetQueryLoggingConfig",
                                "route53:GetReusableDelegationSet",
                                "route53:GetReusableDelegationSetLimit",
                                "route53:GetTrafficPolicy",
                                "route53:GetTrafficPolicyInstance",
                                "route53:GetTrafficPolicyInstanceCount",
                                "route53:ListCidrBlocks",
                                "route53:ListCidrCollections",
                                "route53:ListCidrLocations",
                                "route53:ListGeoLocations",
                                "route53:ListHealthChecks",
                                "route53:ListHostedZones",
                                "route53:ListHostedZonesByName",
                                "route53:ListHostedZonesByVPC",
                                "route53:ListQueryLoggingConfigs",
                                "route53:ListResourceRecordSets",
                                "route53:ListReusableDelegationSets",
                                "route53:ListTagsForResource",
                                "route53:ListTagsForResources",
                                "route53:ListTrafficPolicies",
                                "route53:ListTrafficPolicyInstances",
                                "route53:ListTrafficPolicyInstancesByHostedZone",
                                "route53:ListTrafficPolicyInstancesByPolicy",
                                "route53:ListTrafficPolicyVersions",
                                "route53:ListVPCAssociationAuthorizations"
                            ],
                            "Resource": [
                                "*"
                            ]
                        }
                    ]
                }
            ]
        }
    ],
    "InlinePolicies": [
        {
            "PolicyName": "S4_IP_UserA",
            "Statement": [
                {
                    "Action": [
                        "iam:ListGroups",
                        "iam:ListAttachedUserPolicies",
                        "iam:GetUserPolicy"
                    ],
                    "Effect": "Allow",
                    "Resource": "*"
                }
            ]
        }
    ],
    "AttachedManagedPolicies": [
        {
            "PolicyName": "S4_AMP_PolicyC",
            "PolicyArn": "arn:aws:iam::929351043766:policy/S4_AMP_PolicyC"
        },
        {
            "PolicyName": "S4_AMP_PolicyA",
            "PolicyArn": "arn:aws:iam::929351043766:policy/S4_AMP_PolicyA"
        },
        {
            "PolicyName": "S4_AMP_PolicyB",
            "PolicyArn": "arn:aws:iam::929351043766:policy/S4_AMP_PolicyB"
        }
    ]
}